epoch,loss,mse,val_loss,val_mse
0,1335.040283203125,1335.040283203125,812.5702514648438,812.5702514648438
1,1289.584228515625,1289.584228515625,811.3607788085938,811.3607788085938
2,1291.899658203125,1291.899658203125,813.9913940429688,813.9913940429688
3,1279.4393310546875,1279.4393310546875,853.9329223632812,853.9329223632812
4,1282.3818359375,1282.3818359375,824.4228515625,824.4228515625
