epoch,loss,mse,val_loss,val_mse
0,203.1860809326172,203.1860809326172,20.621963500976562,20.621963500976562
