epoch,loss,mse,val_loss,val_mse
0,204.8836669921875,204.8836669921875,19.40656852722168,19.40656852722168
