epoch,loss,mse,val_loss,val_mse
0,206.1946258544922,206.1946258544922,20.528629302978516,20.528629302978516
