epoch,loss,mse,val_loss,val_mse
0,6638.2880859375,6638.2880859375,2420.107666015625,2420.107666015625
