epoch,loss,mse,val_loss,val_mse
0,6633.21923828125,6633.21923828125,2663.20361328125,2663.20361328125
