epoch,loss,mse,val_loss,val_mse
0,6639.64501953125,6639.64501953125,2321.37109375,2321.37109375
