epoch,loss,mse,val_loss,val_mse
0,204.8404541015625,204.8404541015625,21.561119079589844,21.561119079589844
