epoch,loss,mse,val_loss,val_mse
0,204.1527862548828,204.1527862548828,21.803245544433594,21.803245544433594
