epoch,loss,mse,val_loss,val_mse
0,6623.24609375,6623.24609375,2664.39013671875,2664.39013671875
