epoch,loss,mse,val_loss,val_mse
0,204.64149475097656,204.64149475097656,20.703519821166992,20.703519821166992
