epoch,loss,mse,val_loss,val_mse
0,204.42678833007812,204.42678833007812,21.932373046875,21.932373046875
