epoch,loss,mse,val_loss,val_mse
0,206.07838439941406,206.07838439941406,22.656845092773438,22.656845092773438
