epoch,loss,mse,val_loss,val_mse
0,6633.4990234375,6633.4990234375,2378.35107421875,2378.35107421875
