epoch,loss,mse,val_loss,val_mse
0,203.9110107421875,203.9110107421875,23.40642547607422,23.40642547607422
