epoch,loss,mse,val_loss,val_mse
0,6827.8583984375,6827.8583984375,2550.65673828125,2550.65673828125
