epoch,loss,mse,val_loss,val_mse
0,6660.2421875,6660.2421875,2389.099365234375,2389.099365234375
