epoch,loss,mse,val_loss,val_mse
0,6618.35400390625,6618.35400390625,2371.224609375,2371.224609375
