epoch,loss,mse,val_loss,val_mse
0,6671.02294921875,6671.02294921875,2475.36865234375,2475.36865234375
