epoch,loss,mse,val_loss,val_mse
0,6658.80322265625,6658.80322265625,2340.8779296875,2340.8779296875
