epoch,loss,mse,val_loss,val_mse
0,205.2078094482422,205.2078094482422,24.005260467529297,24.005260467529297
