epoch,loss,mse,val_loss,val_mse
0,206.01576232910156,206.01576232910156,20.731904983520508,20.731904983520508
