epoch,loss,mse,val_loss,val_mse
0,6627.5654296875,6627.5654296875,2338.276123046875,2338.276123046875
