epoch,loss,mse,val_loss,val_mse
0,204.69808959960938,204.69808959960938,19.66681480407715,19.66681480407715
