epoch,loss,mse,val_loss,val_mse
0,205.0756072998047,205.0756072998047,20.620882034301758,20.620882034301758
