epoch,loss,mse,val_loss,val_mse
0,204.30755615234375,204.30755615234375,21.060606002807617,21.060606002807617
