epoch,loss,mse,val_loss,val_mse
0,205.23016357421875,205.23016357421875,19.367273330688477,19.367273330688477
