epoch,loss,mse,val_loss,val_mse
0,6625.70166015625,6625.70166015625,2272.48486328125,2272.48486328125
