epoch,loss,mse,val_loss,val_mse
0,204.6056671142578,204.6056671142578,20.73649787902832,20.73649787902832
