epoch,loss,mse,val_loss,val_mse
0,6666.63623046875,6666.63623046875,2551.2060546875,2551.2060546875
