epoch,loss,mse,val_loss,val_mse
0,205.5072784423828,205.5072784423828,19.200279235839844,19.200279235839844
