epoch,loss,mse,val_loss,val_mse
0,6641.744140625,6641.744140625,2356.1220703125,2356.1220703125
