epoch,loss,mse,val_loss,val_mse
0,6656.12158203125,6656.12158203125,2409.38720703125,2409.38720703125
