epoch,loss,mse,val_loss,val_mse
0,204.5504150390625,204.5504150390625,21.412248611450195,21.412248611450195
