epoch,loss,mse,val_loss,val_mse
0,206.1343536376953,206.1343536376953,18.131322860717773,18.131322860717773
