epoch,loss,mse,val_loss,val_mse
0,6653.43115234375,6653.43115234375,2846.08544921875,2846.08544921875
