epoch,loss,mse,val_loss,val_mse
0,6637.78271484375,6637.78271484375,2539.8681640625,2539.8681640625
