epoch,loss,mse,val_loss,val_mse
0,204.78469848632812,204.78469848632812,20.976736068725586,20.976736068725586
