epoch,loss,mse,val_loss,val_mse
0,6593.9599609375,6593.9599609375,2628.080078125,2628.080078125
