epoch,loss,mse,val_loss,val_mse
0,204.94102478027344,204.94102478027344,21.999847412109375,21.999847412109375
