epoch,loss,mse,val_loss,val_mse
0,204.31500244140625,204.31500244140625,20.033964157104492,20.033964157104492
