epoch,loss,mse,val_loss,val_mse
0,6654.82861328125,6654.82861328125,2537.632568359375,2537.632568359375
