epoch,loss,mse,val_loss,val_mse
0,204.3708038330078,204.3708038330078,21.065946578979492,21.065946578979492
