epoch,loss,mse,val_loss,val_mse
0,6652.2587890625,6652.2587890625,2497.298095703125,2497.298095703125
