epoch,loss,mse,val_loss,val_mse
0,6652.63037109375,6652.63037109375,2479.09521484375,2479.09521484375
