epoch,loss,mse,val_loss,val_mse
0,204.8342742919922,204.8342742919922,21.10915756225586,21.10915756225586
