epoch,loss,mse,val_loss,val_mse
0,6659.3486328125,6659.3486328125,2419.83544921875,2419.83544921875
