epoch,loss,mse,val_loss,val_mse
0,0.1226106807589531,0.1226106807589531,0.056615766137838364,0.056615766137838364
1,0.09017745405435562,0.09017745405435562,0.019978106021881104,0.019978106021881104
2,0.08334475755691528,0.08334475755691528,0.06427369266748428,0.06427369266748428
3,0.0797450989484787,0.0797450989484787,0.049204129725694656,0.049204129725694656
4,0.07690972089767456,0.07690972089767456,0.02368076890707016,0.02368076890707016
