epoch,loss,mse,val_loss,val_mse
0,0.10020536184310913,0.10020536184310913,0.027565600350499153,0.027565600350499153
1,0.07665093243122101,0.07665093243122101,0.021254798397421837,0.021254798397421837
2,0.07320340722799301,0.07320340722799301,0.022290663793683052,0.022290663793683052
3,0.0730907991528511,0.0730907991528511,0.01282532699406147,0.01282532699406147
4,0.07166483998298645,0.07166483998298645,0.016224276274442673,0.016224276274442673
