epoch,loss,mse,val_loss,val_mse
0,1246.35888671875,1246.35888671875,596.211181640625,596.211181640625
1,1145.235595703125,1145.235595703125,522.2266845703125,522.2266845703125
2,1107.6800537109375,1107.6800537109375,522.217041015625,522.217041015625
3,1083.82373046875,1083.82373046875,537.1707153320312,537.1707153320312
4,1056.5855712890625,1056.5855712890625,547.47509765625,547.47509765625
