epoch,loss,mse,val_loss,val_mse
0,6506.3681640625,6506.3681640625,2350.642333984375,2350.642333984375
