epoch,loss,mse,val_loss,val_mse
0,6618.50146484375,6618.50146484375,2795.176513671875,2795.176513671875
