epoch,loss,mse,val_loss,val_mse
0,6502.5126953125,6502.5126953125,2473.589599609375,2473.589599609375
