epoch,loss,mse,val_loss,val_mse
0,205.06661987304688,205.06661987304688,22.653636932373047,22.653636932373047
