epoch,loss,mse,val_loss,val_mse
0,202.7490234375,202.7490234375,20.359291076660156,20.359291076660156
