epoch,loss,mse,val_loss,val_mse
0,6494.54296875,6494.54296875,2175.295166015625,2175.295166015625
