epoch,loss,mse,val_loss,val_mse
0,6510.3076171875,6510.3076171875,2177.276123046875,2177.276123046875
