epoch,loss,mse,val_loss,val_mse
0,204.02401733398438,204.02401733398438,18.905542373657227,18.905542373657227
