epoch,loss,mse,val_loss,val_mse
0,6536.86376953125,6536.86376953125,2183.612548828125,2183.612548828125
