epoch,loss,mse,val_loss,val_mse
0,6513.67333984375,6513.67333984375,2386.62890625,2386.62890625
