epoch,loss,mse,val_loss,val_mse
0,6452.67529296875,6452.67529296875,2222.423095703125,2222.423095703125
