epoch,loss,mse,val_loss,val_mse
0,205.4001922607422,205.4001922607422,20.605850219726562,20.605850219726562
