epoch,loss,mse,val_loss,val_mse
0,206.03182983398438,206.03182983398438,21.151519775390625,21.151519775390625
