epoch,loss,mse,val_loss,val_mse
0,6593.8955078125,6593.8955078125,2429.66015625,2429.66015625
