epoch,loss,mse,val_loss,val_mse
0,6528.1708984375,6528.1708984375,2347.258056640625,2347.258056640625
