epoch,loss,mse,val_loss,val_mse
0,6565.01611328125,6565.01611328125,2279.177978515625,2279.177978515625
