epoch,loss,mse,val_loss,val_mse
0,205.80372619628906,205.80372619628906,22.24594497680664,22.24594497680664
