epoch,loss,mse,val_loss,val_mse
0,6508.39501953125,6508.39501953125,2195.046142578125,2195.046142578125
