epoch,loss,mse,val_loss,val_mse
0,204.18731689453125,204.18731689453125,19.53533935546875,19.53533935546875
