epoch,loss,mse,val_loss,val_mse
0,6541.64892578125,6541.64892578125,2271.4130859375,2271.4130859375
