epoch,loss,mse,val_loss,val_mse
0,204.61228942871094,204.61228942871094,18.461959838867188,18.461959838867188
