epoch,loss,mse,val_loss,val_mse
0,6550.03369140625,6550.03369140625,2315.138427734375,2315.138427734375
