epoch,loss,mse,val_loss,val_mse
0,6525.60302734375,6525.60302734375,2434.99267578125,2434.99267578125
