epoch,loss,mse,val_loss,val_mse
0,204.69888305664062,204.69888305664062,19.849287033081055,19.849287033081055
