epoch,loss,mse,val_loss,val_mse
0,204.0962371826172,204.0962371826172,20.59423828125,20.59423828125
