epoch,loss,mse,val_loss,val_mse
0,6563.5986328125,6563.5986328125,2371.16455078125,2371.16455078125
