epoch,loss,mse,val_loss,val_mse
0,203.27337646484375,203.27337646484375,21.295148849487305,21.295148849487305
