epoch,loss,mse,val_loss,val_mse
0,203.98687744140625,203.98687744140625,20.579608917236328,20.579608917236328
