epoch,loss,mse,val_loss,val_mse
0,6494.30322265625,6494.30322265625,2205.86572265625,2205.86572265625
