epoch,loss,mse,val_loss,val_mse
0,205.38253784179688,205.38253784179688,21.52318572998047,21.52318572998047
