epoch,loss,mse,val_loss,val_mse
0,204.78646850585938,204.78646850585938,19.24517059326172,19.24517059326172
