epoch,loss,mse,val_loss,val_mse
0,204.04762268066406,204.04762268066406,20.198617935180664,20.198617935180664
