epoch,loss,mse,val_loss,val_mse
0,6515.8212890625,6515.8212890625,2357.629150390625,2357.629150390625
