epoch,loss,mse,val_loss,val_mse
0,6501.98486328125,6501.98486328125,2431.234375,2431.234375
