epoch,loss,mse,val_loss,val_mse
0,208.03538513183594,208.03538513183594,15.094001770019531,15.094001770019531
