epoch,loss,mse,val_loss,val_mse
0,205.34288024902344,205.34288024902344,20.38355827331543,20.38355827331543
