epoch,loss,mse,val_loss,val_mse
0,7107.01806640625,7107.01806640625,2634.307861328125,2634.307861328125
