epoch,loss,mse,val_loss,val_mse
0,6513.39453125,6513.39453125,2195.087890625,2195.087890625
