epoch,loss,mse,val_loss,val_mse
0,6476.65478515625,6476.65478515625,2622.329345703125,2622.329345703125
