epoch,loss,mse,val_loss,val_mse
0,205.22781372070312,205.22781372070312,23.37133026123047,23.37133026123047
