epoch,loss,mse,val_loss,val_mse
0,203.09771728515625,203.09771728515625,21.509382247924805,21.509382247924805
