epoch,loss,mse,val_loss,val_mse
0,6512.384765625,6512.384765625,2140.53271484375,2140.53271484375
