epoch,loss,mse,val_loss,val_mse
0,204.0288543701172,204.0288543701172,19.84074592590332,19.84074592590332
