epoch,loss,mse,val_loss,val_mse
0,204.7150421142578,204.7150421142578,22.304353713989258,22.304353713989258
