epoch,loss,mse,val_loss,val_mse
0,204.43309020996094,204.43309020996094,21.018936157226562,21.018936157226562
