epoch,loss,mse,val_loss,val_mse
0,205.0703582763672,205.0703582763672,18.47051239013672,18.47051239013672
