epoch,loss,mse,val_loss,val_mse
0,6527.845703125,6527.845703125,2394.807373046875,2394.807373046875
