epoch,loss,mse,val_loss,val_mse
0,204.9470672607422,204.9470672607422,23.151512145996094,23.151512145996094
