epoch,loss,mse,val_loss,val_mse
0,204.89944458007812,204.89944458007812,21.750356674194336,21.750356674194336
