epoch,loss,mse,val_loss,val_mse
0,6546.97314453125,6546.97314453125,2345.121337890625,2345.121337890625
