epoch,loss,mse,val_loss,val_mse
0,6546.41064453125,6546.41064453125,2245.705322265625,2245.705322265625
