epoch,loss,mse,val_loss,val_mse
0,206.1382293701172,206.1382293701172,23.34353256225586,23.34353256225586
