epoch,loss,mse,val_loss,val_mse
0,204.0257110595703,204.0257110595703,20.776763916015625,20.776763916015625
