epoch,loss,mse,val_loss,val_mse
0,204.52993774414062,204.52993774414062,21.26118278503418,21.26118278503418
