epoch,loss,mse,val_loss,val_mse
0,6505.7841796875,6505.7841796875,2236.903076171875,2236.903076171875
