epoch,loss,mse,val_loss,val_mse
0,6532.0224609375,6532.0224609375,2241.399658203125,2241.399658203125
