epoch,loss,mse,val_loss,val_mse
0,204.6381378173828,204.6381378173828,19.411672592163086,19.411672592163086
