epoch,loss,mse,val_loss,val_mse
0,204.59605407714844,204.59605407714844,20.528242111206055,20.528242111206055
