epoch,loss,mse,val_loss,val_mse
0,6525.16650390625,6525.16650390625,2264.011962890625,2264.011962890625
