epoch,loss,mse,val_loss,val_mse
0,6503.3759765625,6503.3759765625,2350.898193359375,2350.898193359375
