epoch,loss,mse,val_loss,val_mse
0,204.164794921875,204.164794921875,20.351329803466797,20.351329803466797
