epoch,loss,mse,val_loss,val_mse
0,204.3336944580078,204.3336944580078,21.232370376586914,21.232370376586914
