epoch,loss,mse,val_loss,val_mse
0,6515.05908203125,6515.05908203125,2194.826904296875,2194.826904296875
