epoch,loss,mse,val_loss,val_mse
0,6702.39013671875,6702.39013671875,2794.38720703125,2794.38720703125
