epoch,loss,mse,val_loss,val_mse
0,203.96347045898438,203.96347045898438,20.38617706298828,20.38617706298828
