epoch,loss,mse,val_loss,val_mse
0,204.48562622070312,204.48562622070312,19.2895450592041,19.2895450592041
