epoch,loss,mse,val_loss,val_mse
0,204.04444885253906,204.04444885253906,20.548452377319336,20.548452377319336
