epoch,loss,mse,val_loss,val_mse
0,6511.02685546875,6511.02685546875,2289.278564453125,2289.278564453125
