epoch,loss,mse,val_loss,val_mse
0,6600.18212890625,6600.18212890625,2613.715087890625,2613.715087890625
