epoch,loss,mse,val_loss,val_mse
0,6556.0927734375,6556.0927734375,2592.42626953125,2592.42626953125
