epoch,loss,mse,val_loss,val_mse
0,205.0784912109375,205.0784912109375,20.907520294189453,20.907520294189453
