epoch,loss,mse,val_loss,val_mse
0,204.28379821777344,204.28379821777344,19.90089988708496,19.90089988708496
