epoch,loss,mse,val_loss,val_mse
0,203.4375762939453,203.4375762939453,21.89495277404785,21.89495277404785
