epoch,loss,mse,val_loss,val_mse
0,6521.30029296875,6521.30029296875,2258.2783203125,2258.2783203125
