epoch,loss,mse,val_loss,val_mse
0,6497.73583984375,6497.73583984375,2108.967041015625,2108.967041015625
