epoch,loss,mse,val_loss,val_mse
0,6518.35986328125,6518.35986328125,2220.832763671875,2220.832763671875
