epoch,loss,mse,val_loss,val_mse
0,6516.8388671875,6516.8388671875,2243.81201171875,2243.81201171875
