epoch,loss,mse,val_loss,val_mse
0,204.20399475097656,204.20399475097656,20.7515869140625,20.7515869140625
