epoch,loss,mse,val_loss,val_mse
0,204.54937744140625,204.54937744140625,22.748088836669922,22.748088836669922
