epoch,loss,mse,val_loss,val_mse
0,6469.00390625,6469.00390625,2204.618408203125,2204.618408203125
