epoch,loss,mse,val_loss,val_mse
0,6556.53125,6556.53125,2316.31591796875,2316.31591796875
