epoch,loss,mse,val_loss,val_mse
0,205.5367431640625,205.5367431640625,22.31942367553711,22.31942367553711
