epoch,loss,mse,val_loss,val_mse
0,6496.26416015625,6496.26416015625,2531.070556640625,2531.070556640625
