epoch,loss,mse,val_loss,val_mse
0,6532.89892578125,6532.89892578125,2299.1728515625,2299.1728515625
