epoch,loss,mse,val_loss,val_mse
0,205.24124145507812,205.24124145507812,20.3033447265625,20.3033447265625
