epoch,loss,mse,val_loss,val_mse
0,204.39012145996094,204.39012145996094,20.66201400756836,20.66201400756836
