epoch,loss,mse,val_loss,val_mse
0,204.67056274414062,204.67056274414062,19.930212020874023,19.930212020874023
