epoch,loss,mse,val_loss,val_mse
0,204.7954559326172,204.7954559326172,21.440343856811523,21.440343856811523
