epoch,loss,mse,val_loss,val_mse
0,6506.3544921875,6506.3544921875,2285.08447265625,2285.08447265625
