epoch,loss,mse,val_loss,val_mse
0,203.62928771972656,203.62928771972656,20.791454315185547,20.791454315185547
