epoch,loss,mse,val_loss,val_mse
0,6517.904296875,6517.904296875,2225.947265625,2225.947265625
