epoch,loss,mse,val_loss,val_mse
0,204.6612548828125,204.6612548828125,20.196195602416992,20.196195602416992
