epoch,loss,mse,val_loss,val_mse
0,205.84266662597656,205.84266662597656,19.786012649536133,19.786012649536133
