epoch,loss,mse,val_loss,val_mse
0,6566.50537109375,6566.50537109375,2456.546142578125,2456.546142578125
