epoch,loss,mse,val_loss,val_mse
0,203.34088134765625,203.34088134765625,22.065141677856445,22.065141677856445
