epoch,loss,mse,val_loss,val_mse
0,204.94032287597656,204.94032287597656,20.846521377563477,20.846521377563477
