epoch,loss,mse,val_loss,val_mse
0,204.4352264404297,204.4352264404297,19.86786460876465,19.86786460876465
