epoch,loss,mse,val_loss,val_mse
0,203.17333984375,203.17333984375,21.093910217285156,21.093910217285156
