epoch,loss,mse,val_loss,val_mse
0,6583.404296875,6583.404296875,2411.703857421875,2411.703857421875
