epoch,loss,mse,val_loss,val_mse
0,205.60702514648438,205.60702514648438,24.084102630615234,24.084102630615234
