epoch,loss,mse,val_loss,val_mse
0,204.60333251953125,204.60333251953125,20.49421501159668,20.49421501159668
