epoch,loss,mse,val_loss,val_mse
0,207.8303680419922,207.8303680419922,21.468395233154297,21.468395233154297
