epoch,loss,mse,val_loss,val_mse
0,204.746337890625,204.746337890625,22.966825485229492,22.966825485229492
