epoch,loss,mse,val_loss,val_mse
0,203.93568420410156,203.93568420410156,22.083816528320312,22.083816528320312
