epoch,loss,mse,val_loss,val_mse
0,6502.91455078125,6502.91455078125,2250.647216796875,2250.647216796875
