epoch,loss,mse,val_loss,val_mse
0,6545.54150390625,6545.54150390625,2324.140869140625,2324.140869140625
