epoch,loss,mse,val_loss,val_mse
0,6489.7470703125,6489.7470703125,2457.3076171875,2457.3076171875
