epoch,loss,mse,val_loss,val_mse
0,6500.912109375,6500.912109375,2318.1279296875,2318.1279296875
