epoch,loss,mse,val_loss,val_mse
0,6520.7783203125,6520.7783203125,2309.47998046875,2309.47998046875
