epoch,loss,mse,val_loss,val_mse
0,206.29144287109375,206.29144287109375,21.35127067565918,21.35127067565918
