epoch,loss,mse,val_loss,val_mse
0,6526.541015625,6526.541015625,2363.4091796875,2363.4091796875
