epoch,loss,mse,val_loss,val_mse
0,203.75772094726562,203.75772094726562,17.64461898803711,17.64461898803711
