epoch,loss,mse,val_loss,val_mse
0,6556.2138671875,6556.2138671875,2360.79052734375,2360.79052734375
