epoch,loss,mse,val_loss,val_mse
0,203.76072692871094,203.76072692871094,19.49791717529297,19.49791717529297
