epoch,loss,mse,val_loss,val_mse
0,205.82850646972656,205.82850646972656,17.780899047851562,17.780899047851562
