epoch,loss,mse,val_loss,val_mse
0,6509.126953125,6509.126953125,2352.484619140625,2352.484619140625
