epoch,loss,mse,val_loss,val_mse
0,6513.5693359375,6513.5693359375,2122.8740234375,2122.8740234375
