epoch,loss,mse,val_loss,val_mse
0,6531.236328125,6531.236328125,2305.37109375,2305.37109375
