epoch,loss,mse,val_loss,val_mse
0,6494.7763671875,6494.7763671875,2275.421142578125,2275.421142578125
