epoch,loss,mse,val_loss,val_mse
0,6717.8447265625,6717.8447265625,2130.79052734375,2130.79052734375
