epoch,loss,mse,val_loss,val_mse
0,203.98721313476562,203.98721313476562,22.024555206298828,22.024555206298828
