epoch,loss,mse,val_loss,val_mse
0,204.4976806640625,204.4976806640625,20.851146697998047,20.851146697998047
