epoch,loss,mse,val_loss,val_mse
0,205.33290100097656,205.33290100097656,18.79686164855957,18.79686164855957
