epoch,loss,mse,val_loss,val_mse
0,6669.0009765625,6669.0009765625,2391.7080078125,2391.7080078125
