epoch,loss,mse,val_loss,val_mse
0,204.49607849121094,204.49607849121094,22.80564308166504,22.80564308166504
