epoch,loss,mse,val_loss,val_mse
0,204.2075653076172,204.2075653076172,20.71537971496582,20.71537971496582
