epoch,loss,mse,val_loss,val_mse
0,6719.25048828125,6719.25048828125,2527.302978515625,2527.302978515625
