epoch,loss,mse,val_loss,val_mse
0,6660.92724609375,6660.92724609375,2361.9931640625,2361.9931640625
