epoch,loss,mse,val_loss,val_mse
0,204.14105224609375,204.14105224609375,21.16164779663086,21.16164779663086
