epoch,loss,mse,val_loss,val_mse
0,203.52952575683594,203.52952575683594,21.749116897583008,21.749116897583008
