epoch,loss,mse,val_loss,val_mse
0,6654.49560546875,6654.49560546875,2255.97412109375,2255.97412109375
