epoch,loss,mse,val_loss,val_mse
0,6660.91845703125,6660.91845703125,2336.468505859375,2336.468505859375
