epoch,loss,mse,val_loss,val_mse
0,6725.97607421875,6725.97607421875,2366.435302734375,2366.435302734375
