epoch,loss,mse,val_loss,val_mse
0,6676.85302734375,6676.85302734375,2245.731689453125,2245.731689453125
