epoch,loss,mse,val_loss,val_mse
0,203.96923828125,203.96923828125,21.931102752685547,21.931102752685547
