epoch,loss,mse,val_loss,val_mse
0,205.42117309570312,205.42117309570312,20.979686737060547,20.979686737060547
