epoch,loss,mse,val_loss,val_mse
0,6687.11767578125,6687.11767578125,2220.3701171875,2220.3701171875
