epoch,loss,mse,val_loss,val_mse
0,6734.2041015625,6734.2041015625,2414.5869140625,2414.5869140625
