epoch,loss,mse,val_loss,val_mse
0,205.18911743164062,205.18911743164062,21.03028678894043,21.03028678894043
