epoch,loss,mse,val_loss,val_mse
0,6639.7392578125,6639.7392578125,2353.93603515625,2353.93603515625
