epoch,loss,mse,val_loss,val_mse
0,204.50587463378906,204.50587463378906,20.32502555847168,20.32502555847168
