epoch,loss,mse,val_loss,val_mse
0,204.28536987304688,204.28536987304688,20.650487899780273,20.650487899780273
