epoch,loss,mse,val_loss,val_mse
0,203.20187377929688,203.20187377929688,22.586559295654297,22.586559295654297
