epoch,loss,mse,val_loss,val_mse
0,6669.5263671875,6669.5263671875,2274.001220703125,2274.001220703125
