epoch,loss,mse,val_loss,val_mse
0,6691.52001953125,6691.52001953125,2351.1416015625,2351.1416015625
