epoch,loss,mse,val_loss,val_mse
0,207.26931762695312,207.26931762695312,21.728910446166992,21.728910446166992
