epoch,loss,mse,val_loss,val_mse
0,204.857421875,204.857421875,22.817623138427734,22.817623138427734
