epoch,loss,mse,val_loss,val_mse
0,6661.365234375,6661.365234375,2350.697265625,2350.697265625
