epoch,loss,mse,val_loss,val_mse
0,204.90501403808594,204.90501403808594,20.267333984375,20.267333984375
