epoch,loss,mse,val_loss,val_mse
0,204.43841552734375,204.43841552734375,21.496320724487305,21.496320724487305
