epoch,loss,mse,val_loss,val_mse
0,6688.48291015625,6688.48291015625,2365.884033203125,2365.884033203125
