epoch,loss,mse,val_loss,val_mse
0,204.138916015625,204.138916015625,20.280864715576172,20.280864715576172
