epoch,loss,mse,val_loss,val_mse
0,206.0894012451172,206.0894012451172,20.508882522583008,20.508882522583008
