epoch,loss,mse,val_loss,val_mse
0,6635.8251953125,6635.8251953125,2310.456298828125,2310.456298828125
