epoch,loss,mse,val_loss,val_mse
0,6702.24267578125,6702.24267578125,2790.08935546875,2790.08935546875
