epoch,loss,mse,val_loss,val_mse
0,204.11618041992188,204.11618041992188,22.20757293701172,22.20757293701172
