epoch,loss,mse,val_loss,val_mse
0,6829.787109375,6829.787109375,2871.0634765625,2871.0634765625
