epoch,loss,mse,val_loss,val_mse
0,6701.59765625,6701.59765625,2268.16796875,2268.16796875
