epoch,loss,mse,val_loss,val_mse
0,6686.9755859375,6686.9755859375,2129.259765625,2129.259765625
