epoch,loss,mse,val_loss,val_mse
0,6682.5390625,6682.5390625,2512.273681640625,2512.273681640625
