epoch,loss,mse,val_loss,val_mse
0,204.49681091308594,204.49681091308594,19.09083366394043,19.09083366394043
