epoch,loss,mse,val_loss,val_mse
0,6663.734375,6663.734375,2421.46826171875,2421.46826171875
