epoch,loss,mse,val_loss,val_mse
0,205.05812072753906,205.05812072753906,22.550518035888672,22.550518035888672
