epoch,loss,mse,val_loss,val_mse
0,6679.05517578125,6679.05517578125,2572.054443359375,2572.054443359375
