epoch,loss,mse,val_loss,val_mse
0,203.78147888183594,203.78147888183594,21.143245697021484,21.143245697021484
