epoch,loss,mse,val_loss,val_mse
0,6667.91015625,6667.91015625,2680.97412109375,2680.97412109375
