epoch,loss,mse,val_loss,val_mse
0,204.9393310546875,204.9393310546875,19.915544509887695,19.915544509887695
