epoch,loss,mse,val_loss,val_mse
0,6638.81201171875,6638.81201171875,2416.1591796875,2416.1591796875
