epoch,loss,mse,val_loss,val_mse
0,205.065673828125,205.065673828125,20.564939498901367,20.564939498901367
