epoch,loss,mse,val_loss,val_mse
0,6764.81640625,6764.81640625,2494.5595703125,2494.5595703125
