epoch,loss,mse,val_loss,val_mse
0,204.4406280517578,204.4406280517578,21.984407424926758,21.984407424926758
