epoch,loss,mse,val_loss,val_mse
0,203.7481231689453,203.7481231689453,19.414104461669922,19.414104461669922
