epoch,loss,mse,val_loss,val_mse
0,6720.32373046875,6720.32373046875,2269.5693359375,2269.5693359375
