epoch,loss,mse,val_loss,val_mse
0,204.98133850097656,204.98133850097656,19.556163787841797,19.556163787841797
