epoch,loss,mse,val_loss,val_mse
0,203.84130859375,203.84130859375,20.958810806274414,20.958810806274414
