epoch,loss,mse,val_loss,val_mse
0,6687.435546875,6687.435546875,2541.88134765625,2541.88134765625
