epoch,loss,mse,val_loss,val_mse
0,6678.5009765625,6678.5009765625,2541.22998046875,2541.22998046875
