epoch,loss,mse,val_loss,val_mse
0,204.33572387695312,204.33572387695312,21.981103897094727,21.981103897094727
