epoch,loss,mse,val_loss,val_mse
0,6670.54541015625,6670.54541015625,2413.053955078125,2413.053955078125
