epoch,loss,mse,val_loss,val_mse
0,204.34312438964844,204.34312438964844,21.615903854370117,21.615903854370117
