epoch,loss,mse,val_loss,val_mse
0,6669.71337890625,6669.71337890625,2453.90869140625,2453.90869140625
