epoch,loss,mse,val_loss,val_mse
0,205.00469970703125,205.00469970703125,20.9305419921875,20.9305419921875
