epoch,loss,mse,val_loss,val_mse
0,6676.841796875,6676.841796875,2308.638671875,2308.638671875
