epoch,loss,mse,val_loss,val_mse
0,205.0574951171875,205.0574951171875,22.313093185424805,22.313093185424805
