epoch,loss,mse,val_loss,val_mse
0,205.05270385742188,205.05270385742188,20.344764709472656,20.344764709472656
