epoch,loss,mse,val_loss,val_mse
0,203.67605590820312,203.67605590820312,20.350645065307617,20.350645065307617
