epoch,loss,mse,val_loss,val_mse
0,205.31976318359375,205.31976318359375,22.11343765258789,22.11343765258789
