epoch,loss,mse,val_loss,val_mse
0,6677.44287109375,6677.44287109375,2265.048828125,2265.048828125
