epoch,loss,mse,val_loss,val_mse
0,205.21493530273438,205.21493530273438,20.3294620513916,20.3294620513916
