epoch,loss,mse,val_loss,val_mse
0,6725.55322265625,6725.55322265625,2460.795654296875,2460.795654296875
