epoch,loss,mse,val_loss,val_mse
0,6711.3173828125,6711.3173828125,2563.467529296875,2563.467529296875
