epoch,loss,mse,val_loss,val_mse
0,205.5843963623047,205.5843963623047,21.229576110839844,21.229576110839844
