epoch,loss,mse,val_loss,val_mse
0,6665.6552734375,6665.6552734375,2431.563232421875,2431.563232421875
