epoch,loss,mse,val_loss,val_mse
0,6686.3798828125,6686.3798828125,2628.88330078125,2628.88330078125
