epoch,loss,mse,val_loss,val_mse
0,6667.13232421875,6667.13232421875,2726.437255859375,2726.437255859375
