epoch,loss,mse,val_loss,val_mse
0,203.84286499023438,203.84286499023438,20.96061134338379,20.96061134338379
