epoch,loss,mse,val_loss,val_mse
0,205.49583435058594,205.49583435058594,22.361488342285156,22.361488342285156
