epoch,loss,mse,val_loss,val_mse
0,6696.9033203125,6696.9033203125,2528.32421875,2528.32421875
