epoch,loss,mse,val_loss,val_mse
0,6682.3212890625,6682.3212890625,2212.967041015625,2212.967041015625
