epoch,loss,mse,val_loss,val_mse
0,204.0723114013672,204.0723114013672,21.531930923461914,21.531930923461914
