epoch,loss,mse,val_loss,val_mse
0,6709.181640625,6709.181640625,2552.000244140625,2552.000244140625
