epoch,loss,mse,val_loss,val_mse
0,6699.86328125,6699.86328125,2511.6982421875,2511.6982421875
