epoch,loss,mse,val_loss,val_mse
0,6653.4755859375,6653.4755859375,2436.64794921875,2436.64794921875
