epoch,loss,mse,val_loss,val_mse
0,6686.724609375,6686.724609375,2495.414794921875,2495.414794921875
