epoch,loss,mse,val_loss,val_mse
0,6632.34228515625,6632.34228515625,2387.0888671875,2387.0888671875
