epoch,loss,mse,val_loss,val_mse
0,6652.7265625,6652.7265625,2449.50390625,2449.50390625
