epoch,loss,mse,val_loss,val_mse
0,6650.62255859375,6650.62255859375,2284.8359375,2284.8359375
