epoch,loss,mse,val_loss,val_mse
0,6723.07470703125,6723.07470703125,2494.888671875,2494.888671875
