epoch,loss,mse,val_loss,val_mse
0,6718.474609375,6718.474609375,2868.184326171875,2868.184326171875
