epoch,loss,mse,val_loss,val_mse
0,6760.35302734375,6760.35302734375,2786.21044921875,2786.21044921875
