epoch,loss,mse,val_loss,val_mse
0,205.32696533203125,205.32696533203125,21.893817901611328,21.893817901611328
