epoch,loss,mse,val_loss,val_mse
0,6762.03125,6762.03125,2529.701171875,2529.701171875
