epoch,loss,mse,val_loss,val_mse
0,204.46450805664062,204.46450805664062,21.50213050842285,21.50213050842285
