epoch,loss,mse,val_loss,val_mse
0,6667.50341796875,6667.50341796875,2448.285888671875,2448.285888671875
