epoch,loss,mse,val_loss,val_mse
0,206.59393310546875,206.59393310546875,21.296009063720703,21.296009063720703
