epoch,loss,mse,val_loss,val_mse
0,6631.83056640625,6631.83056640625,2490.26806640625,2490.26806640625
