epoch,loss,mse,val_loss,val_mse
0,6634.8017578125,6634.8017578125,2462.45751953125,2462.45751953125
