epoch,loss,mse,val_loss,val_mse
0,6660.79638671875,6660.79638671875,2385.96337890625,2385.96337890625
