epoch,loss,mse,val_loss,val_mse
0,203.08934020996094,203.08934020996094,22.222923278808594,22.222923278808594
