epoch,loss,mse,val_loss,val_mse
0,203.89002990722656,203.89002990722656,22.384214401245117,22.384214401245117
