epoch,loss,mse,val_loss,val_mse
0,203.67955017089844,203.67955017089844,22.441513061523438,22.441513061523438
