epoch,loss,mse,val_loss,val_mse
0,205.44369506835938,205.44369506835938,21.218067169189453,21.218067169189453
