epoch,loss,mse,val_loss,val_mse
0,204.66217041015625,204.66217041015625,19.155170440673828,19.155170440673828
