epoch,loss,mse,val_loss,val_mse
0,204.81719970703125,204.81719970703125,21.94257164001465,21.94257164001465
