epoch,loss,mse,val_loss,val_mse
0,204.58583068847656,204.58583068847656,19.760177612304688,19.760177612304688
