epoch,loss,mse,val_loss,val_mse
0,6629.20361328125,6629.20361328125,2416.971923828125,2416.971923828125
