epoch,loss,mse,val_loss,val_mse
0,203.2356719970703,203.2356719970703,20.389095306396484,20.389095306396484
