epoch,loss,mse,val_loss,val_mse
0,205.77598571777344,205.77598571777344,20.2258358001709,20.2258358001709
