epoch,loss,mse,val_loss,val_mse
0,205.2769775390625,205.2769775390625,18.125038146972656,18.125038146972656
