epoch,loss,mse,val_loss,val_mse
0,6692.06201171875,6692.06201171875,2331.66259765625,2331.66259765625
