epoch,loss,mse,val_loss,val_mse
0,204.72499084472656,204.72499084472656,20.833433151245117,20.833433151245117
