epoch,loss,mse,val_loss,val_mse
0,6650.13671875,6650.13671875,2267.226318359375,2267.226318359375
