epoch,loss,mse,val_loss,val_mse
0,204.18040466308594,204.18040466308594,22.41497039794922,22.41497039794922
