epoch,loss,mse,val_loss,val_mse
0,204.31935119628906,204.31935119628906,20.679853439331055,20.679853439331055
