epoch,loss,mse,val_loss,val_mse
0,204.0433349609375,204.0433349609375,21.00547981262207,21.00547981262207
