epoch,loss,mse,val_loss,val_mse
0,6514.68798828125,6514.68798828125,2267.388916015625,2267.388916015625
