epoch,loss,mse,val_loss,val_mse
0,6526.203125,6526.203125,2330.468505859375,2330.468505859375
