epoch,loss,mse,val_loss,val_mse
0,203.83514404296875,203.83514404296875,19.943836212158203,19.943836212158203
