epoch,loss,mse,val_loss,val_mse
0,6533.50732421875,6533.50732421875,2366.94677734375,2366.94677734375
