epoch,loss,mse,val_loss,val_mse
0,6558.41455078125,6558.41455078125,2327.909423828125,2327.909423828125
