epoch,loss,mse,val_loss,val_mse
0,203.70497131347656,203.70497131347656,20.736120223999023,20.736120223999023
