epoch,loss,mse,val_loss,val_mse
0,6532.31982421875,6532.31982421875,2192.76953125,2192.76953125
