epoch,loss,mse,val_loss,val_mse
0,6553.390625,6553.390625,2174.69287109375,2174.69287109375
