epoch,loss,mse,val_loss,val_mse
0,205.17898559570312,205.17898559570312,19.915678024291992,19.915678024291992
