epoch,loss,mse,val_loss,val_mse
0,6506.5908203125,6506.5908203125,2256.12548828125,2256.12548828125
