epoch,loss,mse,val_loss,val_mse
0,204.6208953857422,204.6208953857422,20.78335952758789,20.78335952758789
