epoch,loss,mse,val_loss,val_mse
0,6521.548828125,6521.548828125,2520.7666015625,2520.7666015625
