epoch,loss,mse,val_loss,val_mse
0,205.01889038085938,205.01889038085938,20.568561553955078,20.568561553955078
