epoch,loss,mse,val_loss,val_mse
0,6542.86962890625,6542.86962890625,2480.1337890625,2480.1337890625
