epoch,loss,mse,val_loss,val_mse
0,205.19435119628906,205.19435119628906,20.608659744262695,20.608659744262695
