epoch,loss,mse,val_loss,val_mse
0,6548.97119140625,6548.97119140625,2355.22998046875,2355.22998046875
