epoch,loss,mse,val_loss,val_mse
0,6677.58349609375,6677.58349609375,2573.806640625,2573.806640625
