epoch,loss,mse,val_loss,val_mse
0,6516.39990234375,6516.39990234375,2233.238037109375,2233.238037109375
