epoch,loss,mse,val_loss,val_mse
0,6517.0029296875,6517.0029296875,2568.77880859375,2568.77880859375
