epoch,loss,mse,val_loss,val_mse
0,203.83193969726562,203.83193969726562,23.373367309570312,23.373367309570312
