epoch,loss,mse,val_loss,val_mse
0,204.18643188476562,204.18643188476562,20.477298736572266,20.477298736572266
