epoch,loss,mse,val_loss,val_mse
0,6491.478515625,6491.478515625,2395.144287109375,2395.144287109375
