epoch,loss,mse,val_loss,val_mse
0,7222.1318359375,7222.1318359375,2429.217041015625,2429.217041015625
