epoch,loss,mse,val_loss,val_mse
0,6530.71728515625,6530.71728515625,2351.46337890625,2351.46337890625
