epoch,loss,mse,val_loss,val_mse
0,204.4051971435547,204.4051971435547,20.45763397216797,20.45763397216797
