epoch,loss,mse,val_loss,val_mse
0,205.04881286621094,205.04881286621094,22.23204803466797,22.23204803466797
