epoch,loss,mse,val_loss,val_mse
0,204.38278198242188,204.38278198242188,21.840524673461914,21.840524673461914
