epoch,loss,mse,val_loss,val_mse
0,6497.146484375,6497.146484375,2524.449951171875,2524.449951171875
