epoch,loss,mse,val_loss,val_mse
0,205.30841064453125,205.30841064453125,18.84282112121582,18.84282112121582
