epoch,loss,mse,val_loss,val_mse
0,6526.1201171875,6526.1201171875,2169.72509765625,2169.72509765625
