epoch,loss,mse,val_loss,val_mse
0,204.95899963378906,204.95899963378906,23.70834732055664,23.70834732055664
