epoch,loss,mse,val_loss,val_mse
0,204.54200744628906,204.54200744628906,20.12992286682129,20.12992286682129
