epoch,loss,mse,val_loss,val_mse
0,6610.86962890625,6610.86962890625,2287.6533203125,2287.6533203125
