epoch,loss,mse,val_loss,val_mse
0,204.72637939453125,204.72637939453125,22.686716079711914,22.686716079711914
