epoch,loss,mse,val_loss,val_mse
0,6503.3701171875,6503.3701171875,2383.85400390625,2383.85400390625
