epoch,loss,mse,val_loss,val_mse
0,205.35894775390625,205.35894775390625,20.539154052734375,20.539154052734375
