epoch,loss,mse,val_loss,val_mse
0,205.77413940429688,205.77413940429688,18.566646575927734,18.566646575927734
