epoch,loss,mse,val_loss,val_mse
0,6539.09375,6539.09375,2371.474609375,2371.474609375
