epoch,loss,mse,val_loss,val_mse
0,6577.384765625,6577.384765625,2766.507568359375,2766.507568359375
