epoch,loss,mse,val_loss,val_mse
0,0.09418268501758575,0.09418268501758575,0.009548110887408257,0.009548110887408257
1,0.06852246820926666,0.06852246820926666,0.02762671187520027,0.02762671187520027
2,0.06336405873298645,0.06336405873298645,0.009438134729862213,0.009438134729862213
3,0.06194978952407837,0.06194978952407837,0.030265940353274345,0.030265940353274345
4,0.06210555136203766,0.06210555136203766,0.009405980817973614,0.009405980817973614
