epoch,loss,mse,val_loss,val_mse
0,1104.3505859375,1104.3505859375,543.0977783203125,543.0977783203125
1,1034.436767578125,1034.436767578125,568.560546875,568.560546875
2,1037.665283203125,1037.665283203125,535.9671630859375,535.9671630859375
3,1040.521728515625,1040.521728515625,562.1323852539062,562.1323852539062
4,1034.6309814453125,1034.6309814453125,639.4813232421875,639.4813232421875
